[{ "name": "altere 50 kg", "description": "faire de vos bras des instruments de guerre", "image": "https://www.sports-tech.fr/products/sportstech/FR/ah300/gallery/default/100.jpg", "price": "70", "currency": "€", "color": "rouge", "size": "M", "id": "1b0cb5c7-7c65-421a-b314-b5dd17df8b1b" }, { "name": "altere 50 kg", "color": "violet", "description": "faire de vos bras des instruments de guerre", "image": "https://www.sports-tech.fr/products/sportstech/FR/ah300/gallery/default/120.jpg", "price": "700", "id": "de5075e3-64eb-4c81-8b8b-f8b520c6ef18" }, { "name": "altere 50 kg", "description": "faire de vos bras des instruments de guerre", "image": "https://www.sports-tech.fr/products/sportstech/FR/ah300/gallery/default/100.jpg", "price": "500", "id": "f620cfba-9463-41c2-a6f3-9cf1dd656d50" },
    { "name": "Test", "description": "flskjvfsdnfb", "image": "https://www.sports-tech.fr/products/sportstech/FR/ah300/gallery/default/100.jpg", "price": "150", "id": "4fc62af2-1fad-49a5-b0cc-a86256ccfb8f" }
]